park_name,park_url
Six Flags Magic Mountain,https://rcdb.com/4532.htm
Cedar Point,https://rcdb.com/4529.htm
Six Flags Great Adventure,https://rcdb.com/4534.htm
Kings Island,https://rcdb.com/4540.htm
Six Flags Great America,https://rcdb.com/4530.htm
Carowinds,https://rcdb.com/4542.htm
Six Flags Over Texas,https://rcdb.com/4531.htm
Hersheypark,https://rcdb.com/4545.htm
Six Flags Over Georgia,https://rcdb.com/4535.htm
Kings Dominion,https://rcdb.com/4544.htm
Six Flags Fiesta Texas,https://rcdb.com/4538.htm
Six Flags New England,https://rcdb.com/4565.htm
Lagoon,https://rcdb.com/4570.htm
Busch Gardens Williamsburg,https://rcdb.com/4548.htm
Six Flags Discovery Kingdom,https://rcdb.com/4711.htm
Six Flags St. Louis,https://rcdb.com/4536.htm
Dollywood,https://rcdb.com/4593.htm
Six Flags America,https://rcdb.com/4558.htm
California's Great America,https://rcdb.com/4541.htm
Knott's Berry Farm,https://rcdb.com/4546.htm
Busch Gardens Tampa,https://rcdb.com/4543.htm
Luna Park,https://rcdb.com/9250.htm
Valleyfair!,https://rcdb.com/4552.htm
Six Flags Darien Lake,https://rcdb.com/4581.htm
SeaWorld Orlando,https://rcdb.com/4746.htm
Kennywood,https://rcdb.com/4553.htm
Worlds of Fun,https://rcdb.com/4533.htm
Dorney Park &amp; Wildwater Kingdom,https://rcdb.com/4588.htm
Silver Dollar City,https://rcdb.com/4579.htm
Silverwood Theme Park,https://rcdb.com/4564.htm
Indiana Beach,https://rcdb.com/4599.htm
Morey's Piers,https://rcdb.com/4560.htm
Michigan's Adventure,https://rcdb.com/4578.htm
Adventureland,https://rcdb.com/4576.htm
SeaWorld San Antonio,https://rcdb.com/4601.htm
Wild Adventures,https://rcdb.com/4703.htm
Elitch Gardens,https://rcdb.com/4574.htm
SeaWorld San Diego,https://rcdb.com/5320.htm
Holiday World,https://rcdb.com/4554.htm
Kentucky Kingdom,https://rcdb.com/4563.htm
Six Flags Great Escape,https://rcdb.com/4596.htm
Knoebels Amusement Resort,https://rcdb.com/4557.htm
Playland Park,https://rcdb.com/4584.htm
Cotaland,https://rcdb.com/18828.htm
Lake Compounce,https://rcdb.com/4683.htm
Magic Springs Theme and Water Park,https://rcdb.com/4682.htm
Walt Disney World - Magic Kingdom,https://rcdb.com/4597.htm
Nickelodeon Universe,https://rcdb.com/4547.htm
Universal Studios Islands of Adventure,https://rcdb.com/4734.htm
Nickelodeon Universe Theme Park,https://rcdb.com/15593.htm
Lakeside Amusement Park,https://rcdb.com/4575.htm
Frontier City,https://rcdb.com/4559.htm
Waldameer,https://rcdb.com/4646.htm
Mt. Olympus Water &amp; Theme Park,https://rcdb.com/4561.htm
Wild Waves Theme &amp; Water Park,https://rcdb.com/4690.htm
Seabreeze,https://rcdb.com/4583.htm
Disneyland,https://rcdb.com/4571.htm
Universal Studios Florida,https://rcdb.com/4736.htm
Family Kingdom Amusement Park,https://rcdb.com/4619.htm
YesterLand Farm,https://rcdb.com/9263.htm
Niagara Amusement Park &amp; Splash World,https://rcdb.com/4732.htm
Fun Spot America,https://rcdb.com/6373.htm
Wonderland Amusement Park,https://rcdb.com/4594.htm
Casino Pier,https://rcdb.com/4624.htm
Playland's Castaway Cove,https://rcdb.com/4675.htm
Glenwood Caverns Adventure Park,https://rcdb.com/6423.htm
Little Amerricka,https://rcdb.com/4598.htm
Alabama Adventure &amp; Splash Adventure,https://rcdb.com/4702.htm
Jolly Roger Amusement Park,https://rcdb.com/4749.htm
Palace Playland,https://rcdb.com/4655.htm
Canobie Lake Park,https://rcdb.com/4602.htm
Tropic Falls Theme Park,https://rcdb.com/14398.htm
Santa's Village,https://rcdb.com/4659.htm
Adventure Park USA,https://rcdb.com/5968.htm
Edaville Family Theme Park,https://rcdb.com/10106.htm
Adventureland,https://rcdb.com/4676.htm
Steel Pier,https://rcdb.com/4739.htm
Fun Spot America Atlanta,https://rcdb.com/6125.htm
Idlewild &amp; SoakZone,https://rcdb.com/4600.htm
Fun Spot America,https://rcdb.com/10346.htm
Lakemont Park,https://rcdb.com/4589.htm
Legoland Florida,https://rcdb.com/5589.htm
Santa's Village AZoosment Park,https://rcdb.com/4721.htm
Santa Cruz Beach Boardwalk,https://rcdb.com/4573.htm
Dutch Wonderland,https://rcdb.com/4591.htm
Camden Park,https://rcdb.com/4607.htm
Arnolds Park,https://rcdb.com/4625.htm
Western Playland,https://rcdb.com/5993.htm
Universal Studios Hollywood,https://rcdb.com/5265.htm
Cliff's Amusement Park,https://rcdb.com/4661.htm
Deno's Wonder Wheel Amusement Park,https://rcdb.com/4772.htm
Lost Island Theme Park,https://rcdb.com/17529.htm
Legoland California,https://rcdb.com/4733.htm
Beech Bend,https://rcdb.com/4717.htm
Castles n' Coasters,https://rcdb.com/4627.htm
Legoland New York,https://rcdb.com/14429.htm
Funtown Splashtown U.S.A.,https://rcdb.com/4654.htm
Kiddie Park,https://rcdb.com/5206.htm
DelGrosso's Amusement Park,https://rcdb.com/4645.htm
CJ Barrymore's Family Entertainment Center,https://rcdb.com/13371.htm
Lake Winnepesaukah,https://rcdb.com/4626.htm
Castle Park,https://rcdb.com/4662.htm
Stricker's Grove,https://rcdb.com/4612.htm
Enchanted Forest,https://rcdb.com/4587.htm
Tom Foolerys Adventure Park,https://rcdb.com/18617.htm
Storybook Land,https://rcdb.com/5455.htm
All Star Adventures,https://rcdb.com/5734.htm
Quassy Amusement Park,https://rcdb.com/4647.htm
Jenkinson's Boardwalk,https://rcdb.com/4737.htm
Big Play Entertainment Center,https://rcdb.com/19918.htm
Rowdy Bear's Smoky Mountain Snowpark,https://rcdb.com/17625.htm
Cedar Valley's Wild Frontier Fun Park,https://rcdb.com/15103.htm
Story Land,https://rcdb.com/4660.htm
Adventure City,https://rcdb.com/4712.htm
Austin's Park,https://rcdb.com/11759.htm
Oaks Amusement Park,https://rcdb.com/4621.htm
Disney California Adventure Park,https://rcdb.com/4783.htm
Blackbeard's Family Entertainment Center,https://rcdb.com/4769.htm
Washington State Fair,https://rcdb.com/4595.htm
Gilroy Gardens Family Theme Park,https://rcdb.com/4785.htm
Clementon Park,https://rcdb.com/4580.htm
Live Oak Canyon Farm,https://rcdb.com/20396.htm
Walt Disney World - Disney's Hollywood Studios,https://rcdb.com/4735.htm
Uncle Bernie's Theme Park,https://rcdb.com/5500.htm
Adventuredome,https://rcdb.com/4550.htm
Columbus Zoo and Aquarium,https://rcdb.com/4611.htm
Grady's Family Fun Park,https://rcdb.com/6158.htm
Trimper Rides,https://rcdb.com/4603.htm
Deadwood,https://rcdb.com/6336.htm
Sesame Place,https://rcdb.com/4710.htm
Keansburg Amusement Park,https://rcdb.com/4672.htm
Anakeesta,https://rcdb.com/15043.htm
Land Of Make Believe,https://rcdb.com/4673.htm
Paul Bunyan Land,https://rcdb.com/5526.htm
Storybook Land,https://rcdb.com/12094.htm
P-6 Farms,https://rcdb.com/20045.htm
Tweetsie Railroad,https://rcdb.com/13623.htm
Bay Beach Amusement Park,https://rcdb.com/5340.htm
Leavenworth Adventure Park,https://rcdb.com/20030.htm
Gillian's Wonderland Pier,https://rcdb.com/4671.htm
Gatti's Pizza,https://rcdb.com/6781.htm
Wallace County Fairgrounds,https://rcdb.com/11990.htm
Splash City Adventures,https://rcdb.com/6249.htm
Malibu Jack's,https://rcdb.com/19511.htm
Mainstay Farm,https://rcdb.com/21106.htm
Moonshine Mountain Coaster,https://rcdb.com/13304.htm
Ober Mountain,https://rcdb.com/13362.htm
Breckenridge Ski Resort,https://rcdb.com/13302.htm
Hebron Fireman's Carnival,https://rcdb.com/20043.htm
Heavenly Mountain Resort,https://rcdb.com/13826.htm
Adventure Landing,https://rcdb.com/5821.htm
Ripley's Mountain Coaster,https://rcdb.com/15079.htm
Playtime Family Fun,https://rcdb.com/20979.htm
Snow King Mountain,https://rcdb.com/13509.htm
Incredible Pizza Company,https://rcdb.com/13594.htm
Country Mercantile,https://rcdb.com/9537.htm
Ruidoso Winter Park,https://rcdb.com/20358.htm
Oakland Zoo,https://rcdb.com/4766.htm
Purgatory Resort,https://rcdb.com/16691.htm
Castle Fun Center,https://rcdb.com/16245.htm
Ricochet Canyon,https://rcdb.com/20394.htm
Branson Mountain Adventure Park,https://rcdb.com/13673.htm
Branson Sawmill,https://rcdb.com/14960.htm
Aspen Snowmass Ski Resort,https://rcdb.com/16025.htm
Shepherd's Adventure Park,https://rcdb.com/19130.htm
Track Family Fun Parks,https://rcdb.com/19965.htm
Funworld Game Center,https://rcdb.com/5082.htm
Celebration Station,https://rcdb.com/5665.htm
Rush Mountain Adventure Park ,https://rcdb.com/13830.htm
Jolly Roger at the Pier,https://rcdb.com/4753.htm
4D Farm,https://rcdb.com/18708.htm
Okemo Mountain Resort,https://rcdb.com/13317.htm
Athens Lions Club Kiddie Carnival,https://rcdb.com/14066.htm
Funderland Amusement Park,https://rcdb.com/4663.htm
Scandia Family Fun Center,https://rcdb.com/9190.htm
PowerPlay Family Entertainment Center,https://rcdb.com/12074.htm
Malibu Jack's,https://rcdb.com/19930.htm
Attitash Mountain Resort,https://rcdb.com/13358.htm
Canyon Coaster Adventure Park,https://rcdb.com/19626.htm
Galveston Island Historic Pleasure Pier,https://rcdb.com/10289.htm
Park City Mountain Resort,https://rcdb.com/13319.htm
Norton County Fair,https://rcdb.com/19484.htm
Historic Hawes Farms,https://rcdb.com/20452.htm
Happy Hollow Park and Zoo,https://rcdb.com/9041.htm
Island in Pigeon Forge,https://rcdb.com/4750.htm
Malibu Jack's,https://rcdb.com/18028.htm
Howardâ€™s Apples Farm Market,https://rcdb.com/15518.htm
Craig's Cruisers Family Fun Center,https://rcdb.com/17888.htm
"New York, New York Hotel &amp; Casino",https://rcdb.com/4555.htm
Las Vegas Mini Gran Prix,https://rcdb.com/5146.htm
Killington Resort,https://rcdb.com/13329.htm
Track Family Fun Park,https://rcdb.com/15184.htm
Fort Hays Chuckwagon,https://rcdb.com/18353.htm
Funplex,https://rcdb.com/11293.htm
ZDT'S Amusement Park,https://rcdb.com/12391.htm
Santa's Land,https://rcdb.com/4644.htm
Fantasy Island Amusement Park,https://rcdb.com/5209.htm
Walt Disney World - Disney's Animal Kingdom,https://rcdb.com/5109.htm
Fun Center at Paige's Crossing,https://rcdb.com/6004.htm
Walt Disney World - Epcot,https://rcdb.com/15503.htm
Yogi Bear's Jellystone Park Camp-Resort,https://rcdb.com/20023.htm
Conneaut Lake Park,https://rcdb.com/4590.htm
Sheridan County Fairgrounds,https://rcdb.com/11988.htm
Arzo Sports &amp; Fun Park,https://rcdb.com/13965.htm
Memphis Kiddie Park,https://rcdb.com/4761.htm
NASCAR SpeedPark,https://rcdb.com/5614.htm
SkyLand Ranch,https://rcdb.com/19940.htm
Wilderness at the Smokies,https://rcdb.com/20230.htm
Keller's Flea Market,https://rcdb.com/20033.htm
Sylvan Beach Amusement Park,https://rcdb.com/4680.htm
Sonny Acres Farm,https://rcdb.com/19107.htm
Fun Plex,https://rcdb.com/5654.htm
iPlay America,https://rcdb.com/13802.htm
Miner Mike's Adventure Town,https://rcdb.com/5628.htm
Greek Peak Mountain Resort,https://rcdb.com/13360.htm
York's Wild Kingdom,https://rcdb.com/4656.htm
Playland Fresno,https://rcdb.com/4760.htm
Pavilion Park,https://rcdb.com/12243.htm
Funplex,https://rcdb.com/18814.htm
Track Family Fun,https://rcdb.com/19815.htm
Bengtson's Pumpkin Farm,https://rcdb.com/15542.htm
Andretti Thrill Park,https://rcdb.com/7965.htm
Wisp Resort,https://rcdb.com/13327.htm
Tuscora Park,https://rcdb.com/5242.htm
Berkshire East,https://rcdb.com/13331.htm
Funtimes Fun Park,https://rcdb.com/19164.htm
City Park,https://rcdb.com/10910.htm
Jiminy Peak Mountain Resort,https://rcdb.com/13313.htm
Wichita County Fairgrounds,https://rcdb.com/19480.htm
North Georgia State Fair,https://rcdb.com/10228.htm
Midway State Park,https://rcdb.com/4780.htm
Carousel Gardens,https://rcdb.com/4650.htm
Fun Fore All Family Entertainment Center,https://rcdb.com/5497.htm
Captain Kid Amusement Park,https://rcdb.com/18634.htm
Hovatter's Wildlife Zoo,https://rcdb.com/18799.htm
Copper Mountain,https://rcdb.com/15045.htm
John's Incredible Pizza Company,https://rcdb.com/17695.htm
Airway Fun Center,https://rcdb.com/19954.htm
Broadacres Marketplace,https://rcdb.com/20906.htm
Prairie Playland,https://rcdb.com/19261.htm
Holiday Valley,https://rcdb.com/13311.htm
Wilderness Run Alpine Coaster,https://rcdb.com/17258.htm
Alley Cats,https://rcdb.com/16054.htm
Greeley County Fairgrounds,https://rcdb.com/10858.htm
Spirit Mountain,https://rcdb.com/13325.htm
Pixieland Amusement Park,https://rcdb.com/4745.htm
Sonoma TrainTown Railroad,https://rcdb.com/5618.htm
Remlinger Farms,https://rcdb.com/5436.htm
Wildlife World,https://rcdb.com/7064.htm
Sesame Place,https://rcdb.com/17798.htm
Flathead Lake Alpine Coaster,https://rcdb.com/20713.htm
Swampy Jack's Wongo Adventure,https://rcdb.com/11598.htm
Race City PCB,https://rcdb.com/12395.htm
Thomas County Fairgrounds,https://rcdb.com/19482.htm
Kiddie Land,https://rcdb.com/20615.htm
Smoky Mountain Alpine Coaster,https://rcdb.com/13321.htm
Rocky Top Mountain Coaster,https://rcdb.com/16438.htm
Ocean Beach Park,https://rcdb.com/6311.htm
Peppa Pig Theme Park,https://rcdb.com/19144.htm
Kemah Boardwalk,https://rcdb.com/6077.htm
Huck Finn's Playland,https://rcdb.com/12773.htm
Spring Park,https://rcdb.com/5838.htm
Goats on the Roof of the Smokies,https://rcdb.com/13307.htm
Go-Karts Plus,https://rcdb.com/6050.htm
Gunstock Mountain Resort,https://rcdb.com/13828.htm
Safari Land,https://rcdb.com/5142.htm
Paradise Pier Fun Park,https://rcdb.com/20130.htm
Fast Lane Entertainment,https://rcdb.com/13445.htm
Big Rivers Waterpark &amp; Adventures,https://rcdb.com/19599.htm
Craig's Cruisers Family Fun Center,https://rcdb.com/15261.htm
Outlaw Pass,https://rcdb.com/19905.htm
Santa's Workshop,https://rcdb.com/4633.htm
Vail Adventure Ridge,https://rcdb.com/14227.htm
Incredible Pizza Company,https://rcdb.com/14229.htm
Schnepf Farms,https://rcdb.com/5510.htm
In The Game Funtrackers,https://rcdb.com/5743.htm
Alaska State Fair,https://rcdb.com/19524.htm
Tanque Verde Swap,https://rcdb.com/20760.htm
Malibu Jack's,https://rcdb.com/16364.htm
Haunted Trails,https://rcdb.com/5399.htm
Kirby Family Farm,https://rcdb.com/18216.htm
Yellowstone Bear World,https://rcdb.com/11376.htm
Tulsa's Incredible Pizza Company,https://rcdb.com/12750.htm
Aerie's Resort &amp; Winery,https://rcdb.com/19782.htm
Harvest Tyme Pumpkin Patch,https://rcdb.com/13459.htm
Georgia Mountain Coaster,https://rcdb.com/14980.htm
Belmont Park,https://rcdb.com/4572.htm
Incredible Pizza Company,https://rcdb.com/19686.htm
Camelback Mountain Adventures,https://rcdb.com/13333.htm
Snowbird,https://rcdb.com/13323.htm
Super Slide Amusement Park,https://rcdb.com/9059.htm
Mountain Creek Waterpark,https://rcdb.com/13309.htm
Highlands Outpost,https://rcdb.com/19628.htm
Brookhaven Exchange Club Park,https://rcdb.com/5539.htm
Kiddieland,https://rcdb.com/9272.htm
Funtastic Park,https://rcdb.com/5088.htm
Funland Amusement Park,https://rcdb.com/6198.htm
Fantasy Forest at the Flushing Meadows Carousel,https://rcdb.com/5927.htm
Modern Woodmen Park,https://rcdb.com/15951.htm
Como Town,https://rcdb.com/5056.htm
St. Louis's Incredible Pizza Company,https://rcdb.com/13734.htm
Sluggers &amp; Putters,https://rcdb.com/12854.htm
Alpine Slide at Magic Mountain,https://rcdb.com/18492.htm
Indianapolis Zoo,https://rcdb.com/4787.htm
People's Choice Family Fun Center,https://rcdb.com/20390.htm
Zao Island,https://rcdb.com/20974.htm
Bogus Basin Mountain Recreation Area,https://rcdb.com/15553.htm
Fun Land of Fredericksburg,https://rcdb.com/6051.htm
Kids 'N Action,https://rcdb.com/5909.htm
Sharptown Firemen's Carnival,https://rcdb.com/19916.htm
Adventurers Family Entertainment Center,https://rcdb.com/4679.htm
Lark Ranch,https://rcdb.com/18549.htm
ZooTampa at Lowry Park,https://rcdb.com/5693.htm
Pacific Park,https://rcdb.com/4685.htm
Scene75 Entertainment Center,https://rcdb.com/19263.htm
Scene75 Entertainment Center,https://rcdb.com/18300.htm
Knucklehead's Bowling &amp; Family Entertainment,https://rcdb.com/6121.htm
Tom Foolerys Adventure Park,https://rcdb.com/15381.htm
Camp Fimfo Texas Hill Country,https://rcdb.com/20056.htm
Scene75 Entertainment Center,https://rcdb.com/17350.htm
Cranmore Mountain Adventure Park,https://rcdb.com/13315.htm
Santa's Workshop,https://rcdb.com/6034.htm
MASS MoCA,https://rcdb.com/20444.htm
Mount Van Hoevenberg,https://rcdb.com/17884.htm
Kiwanis Kiddieland,https://rcdb.com/6386.htm
Enchanted Island,https://rcdb.com/4838.htm
Track Recreation Center,https://rcdb.com/19817.htm
Mustang Mountain Coaster,https://rcdb.com/18801.htm
Bushkill Park,https://rcdb.com/5416.htm
Buffalo Bill's Resort &amp; Casino,https://rcdb.com/4549.htm
Saunders County Fairgrounds,https://rcdb.com/11984.htm
Mile High Flea Market,https://rcdb.com/5483.htm
Eldridge Park,https://rcdb.com/5312.htm
Riverfront Park,https://rcdb.com/4696.htm
John's Incredible Pizza Company,https://rcdb.com/6162.htm
Quechee Gorge Village,https://rcdb.com/16063.htm
Noah's Ark,https://rcdb.com/5378.htm
Timber Falls Adventure Park,https://rcdb.com/5522.htm
Landa Park,https://rcdb.com/5531.htm
Glen Echo Park,https://rcdb.com/5341.htm
Minnesota State Fair,https://rcdb.com/5971.htm
Dell'Osso Family Farm,https://rcdb.com/19675.htm
John's Incredible Pizza Company,https://rcdb.com/6163.htm
Lake George Expedition Park,https://rcdb.com/4755.htm
Fiesta Village Family Fun Park,https://rcdb.com/13858.htm
San Antonio Aquarium,https://rcdb.com/14841.htm
Xtreme Jump San Antonio,https://rcdb.com/15944.htm
Enchanted Castle,https://rcdb.com/5381.htm
Pocono Play Park,https://rcdb.com/5982.htm
Kingman County and 4-H Fair,https://rcdb.com/11986.htm
Funtasticks Family Fun Park,https://rcdb.com/5923.htm
Splash Zone Water Park,https://rcdb.com/4674.htm
Country Fair Entertainment Park,https://rcdb.com/4678.htm
Steamboat Resort,https://rcdb.com/14823.htm
Atlantic Beach Park,https://rcdb.com/10833.htm
Los Angeles County Fairgrounds,https://rcdb.com/5106.htm
Meadowbrook Park,https://rcdb.com/18290.htm
Dellwood Park,https://rcdb.com/20626.htm
Celebration Station,https://rcdb.com/5663.htm
Fun Stop,https://rcdb.com/10551.htm
Leonardtown Volunteer Fire Department,https://rcdb.com/5633.htm
Motor World,https://rcdb.com/4779.htm
Pedroland Park,https://rcdb.com/4899.htm
Saginaw County Fairgrounds,https://rcdb.com/5837.htm
Cobra Adventure Park,https://rcdb.com/5617.htm
Wheeling Park,https://rcdb.com/20423.htm
Enchanted Forest Water Safari,https://rcdb.com/12341.htm
KiddieLand,https://rcdb.com/19703.htm
Bayville Adventure Park,https://rcdb.com/5512.htm
East Lake Park,https://rcdb.com/14197.htm
Vertical Endeavors,https://rcdb.com/6080.htm
Kamper Park,https://rcdb.com/17686.htm
Carousel Village at Indian Walk,https://rcdb.com/5186.htm
Thunder Road Family Fun Park,https://rcdb.com/12077.htm
Kidstar Park,https://rcdb.com/5420.htm
Oasis Lanes &amp; Amusement Center,https://rcdb.com/5678.htm
Central Pier Arcade &amp; Speedway,https://rcdb.com/12577.htm
Broadway Grand Prix,https://rcdb.com/6188.htm
Hialeah Park,https://rcdb.com/19442.htm
Boomers,https://rcdb.com/19519.htm
Columbian Park,https://rcdb.com/10512.htm
Swings-N-Things Family Fun Park,https://rcdb.com/6537.htm
Waterville USA,https://rcdb.com/4630.htm
Stratosphere Tower,https://rcdb.com/4556.htm
Rockin' Raceway,https://rcdb.com/5250.htm
Old Town,https://rcdb.com/4684.htm
Haunted Trails,https://rcdb.com/12294.htm
Wild Island,https://rcdb.com/4724.htm
Wet 'n Wild Emerald Pointe,https://rcdb.com/5058.htm
Kentucky Shores Family Fun Center,https://rcdb.com/15535.htm
Wild Willy's Adventure Zone,https://rcdb.com/14176.htm
Baja Amusements,https://rcdb.com/5318.htm
iT'Z Family Food &amp; Fun,https://rcdb.com/6176.htm
Coney Island,https://rcdb.com/4740.htm
Cincinnati Zoo &amp; Botanical Garden,https://rcdb.com/12034.htm
Hurricane Harbor Splashtown,https://rcdb.com/5089.htm
Holland Speedway,https://rcdb.com/13924.htm
Laugh Out Loud Stations,https://rcdb.com/4706.htm
Jacksonville Zoo and Gardens,https://rcdb.com/18646.htm
Press Play 989,https://rcdb.com/6217.htm
Sir Goony's Fun Zone,https://rcdb.com/5818.htm
Warner Park,https://rcdb.com/10513.htm
Party Zone USA,https://rcdb.com/6442.htm
Orange County Fairgrounds,https://rcdb.com/9230.htm
State Fair of Texas,https://rcdb.com/5055.htm
SkyPark at Santa's Village,https://rcdb.com/4667.htm
South Dakota State Fair,https://rcdb.com/16160.htm
Iowa State Fairgrounds,https://rcdb.com/14633.htm
